Authors,Venue,Year,Title,Analysis Method,Analysis Strategy,Implementation Strategy,Specification Strategy,SE Layer,Further Keywords
" Elias Kuiter,  Alexander Kn&uuml;ppel,  Tabea Bordis,  Tobias Runge,  Ina Schaefer",VAMOS,2022,"Verification Strategies for Feature-Oriented Software Product Lines","theorem proving","feature-family-based analysis, feature-product-based analysis, optimized product-based analysis","feature modules, composition-based implementation","feature-based specification","source code","KKB+:VaMoS22, KeY, KeYPl, FeatureHouse, variability encoding"
" Marc Hentze,  Tobias Pett,  Thomas Th&uuml;m,  Ina Schaefer",VAMOS,2021,"Hyper Explanations for Feature-Model Defect Analysis","feature-model analysis","family-based analysis","implementation independent","specification independent","","HPTS:VaMoS21"
" Tobias Pett,  Sebastian Krieter,  Tobias Runge,  Thomas Th&uuml;m,  Malte Lochau,  Ina Schaefer",VAMOS,2021,"Stability of Product-Line Sampling in Continuous Integration","","sample-based analysis","implementation independent","specification independent","program","PKR+:VaMoS21"
" Chico Sundermann,  Michael Nieke,  Paul Maximilian Bittner,  Tobias He&szlig;,  Thomas Th&uuml;m,  Ina Schaefer",VAMOS,2021,"Applications of #SAT Solvers on Feature Models","feature-model analysis","family-based analysis","implementation independent","specification independent","","SNB+:VaMoS21"
" Maurice H. ter Beek,  Axel Legay,  Alberto Lluch Lafuente,  Andrea Vandin",TSE,2020,"A Framework for Quantitative Modeling and Analysis of Highly (Re)Configurable Systems","statistical model checking","unoptimized product-based analysis","family-based implementation","specification independent","design","BLLV:TSE20, tool, evaluation, no proof, QFLan, MultiVeSta"
" Tabea Bordis,  Tobias Runge,  Alexander Kn&uuml;ppel,  Thomas Th&uuml;m,  Ina Schaefer",VAMOS,2020,"Variational Correctness-by-Construction","theorem proving","optimized product-based analysis","feature modules, composition-based implementation","feature-based specification","source code","BRK+:VaMoS20, CorC, KeY"
" Sebastian Krieter,  Thomas Th&uuml;m,  Sandro Schulze,  Gunter Saake,  Thomas Leich",VAMOS,2020,"YASA: Yet Another Sampling Algorithm","testing","sample-based analysis","implementation independent","specification independent","program","KTS+:VaMoS20"
" Joshua Sprey,  Chico Sundermann,  Sebastian Krieter,  Michael Nieke,  Jacopo Mauro,  Thomas Th&uuml;m,  Ina Schaefer",VAMOS,2020,"SMT-Based Variability Analyses in FeatureIDE","feature-model analysis","family-based analysis","implementation independent","specification independent","","SSK+:VaMoS20"
" Chico Sundermann,  Thomas Th&uuml;m,  Ina Schaefer",VAMOS,2020,"Evaluating #SAT Solvers on Industrial Feature Models","feature-model analysis","family-based analysis","implementation independent","specification independent","","STS:VaMoS20"
" Vitor Rodrigues,  Simone Donetti,  Ferruccio Damiani",SOSYM,2019,"Certifying Delta-Oriented Programs","theorem proving","feature-product-based analysis","delta modules, family-based implementation","family-based specification","source code","RDD:SoSyM19, tool, evaluation, no proof, COQ"
" Axel Halin,  Alexandre Nuttinck,  Mathieu Acher,  Xavier Devroey,  Gilles Perrouin,  Benoit Baudry",EMSE,2019,"Test Them All, Is It Worth It? Assessing Configuration Sampling on the JHipster Web Development Stack","testing","sample-based analysis","implementation independent","specification independent","program","HNA+:EMSE19"
" Dennis Reuling,  Udo Kelter,  Johannes B&uuml;rdek,  Malte Lochau",TOSEM,2019,"Automated N-Way Program Merging for Facilitating Family-Based Analyses of Variant-Rich Software","model checking, test-case generation, variant-preserving migration","product-family-based analysis","product-based implementation","domain-independent specification","source code","RKBL:TOSEM19, control-flow automaton, tool, evaluation, SiMPOSE, C programs"
" Thomas Th&uuml;m,  Alexander Kn&uuml;ppel,  Stefan Kr&uuml;ger,  Stefanie Bolle,  Ina Schaefer",JSS,2019,"Feature-Oriented Contract Composition","analysis method independent","analysis strategy undefined","feature modules, feature-based implementation","feature-based specification","source code","TKK+:JSS19, tool, evaluation, no proof, FeatureIDE, FeatureHouse"
" Jose A. Galindo,  David Benavides,  Pablo Trinidad,  Antonio-Manuel Gutierrez-Fernandez,  Antonio Ruiz-Cortes",COMPUTING,2019,"Automated Analysis of Feature Models: Quo Vadis?","feature-model analysis","family-based analysis","implementation independent","specification independent","","GBT+:Computing19"
" Mustafa Al-Hajjaji,  Thomas Th&uuml;m,  Malte Lochau,  Jens Meinicke,  Gunter Saake",SOSYM,2019,"Effective Product-Line Testing Using Similarity-Based Product Prioritization","testing","sample-based analysis","implementation independent","specification independent","program","ATL+:SoSyM19"
"Michael Lettner, Jorge Rodas, Jose A. Galindo, David Benavides",COLA,2019,"Automated Analysis of Two-Layered Feature Models With Feature Attributes","feature-model analysis","family-based analysis","implementation independent","specification independent","","LRGB:COLA19"
" Gabriela Sampaio,  Paulo Borba,  Leopoldo Teixeira",JSS,2019,"Partially Safe Evolution of Software Product Lines","static analysis","family-based analysis","implementation independent","","theory","SBT:JSS19, evaluation"
" Maurice H. ter Beek, Ferruccio Damiani, Stefania Gnesi, Franco Mazzanti, Luca Paolini",SCP,2019,"On the Expressiveness of Modal Transition Systems With Variability Constraints","analysis method undefined","analysis strategy undefined","family-based implementation","specification undefined","design","BDG+:SCP19, no tool, no evaluation, proof, FTS, MTS"
" Lars Luthmann,  Timo Gerecht,  Malte Lochau",STTT,2019,"Sampling Strategies for Product Lines With Unbounded Parametric Real-Time Constraints","testing","sample-based analysis","implementation independent","family-based specification","program","LGL:STTT19, tool, evaluation"
" David Fernandez-Amoros,  Ruben Heradio,  Christoph Mayr-Dorn,  Alexander Egyed",SPLC,2019,"A KConfig Translation to Logic With One-Way Validation System","feature-model analysis","family-based analysis","implementation independent","specification independent","","FAH+:SPLC19"
" Daniel-Jesus Munoz,  Jeho Oh,  Monica Pinto,  Lidia Fuentes,  Don Batory",SPLC,2019,"Uniform Random Sampling Product Configurations of Feature Models That Have Numerical Features","","","","","","MOP+:SPLC19"
" Jeho Oh,  Paul Gazzillo,  Don Batory,  Marijn Heule,  Maggie Myers",(techreport),2019,"Uniform Sampling From Kconfig Feature Models","","","","","","OGB+:TR19"
" Jianmei Guo,  Dingyu Yang,  Norbert Siegmund,  Sven Apel,  Atrisha Sarkar,  Pavel Valov,  Krzysztof Czarnecki,  Andrzej Wasowski,  Huiqun Yu",EMSE,2018,"Data-Efficient Performance Learning for Configurable Systems","performance analysis","sample-based analysis","implementation independent","specification independent","program","GYS+:EMSE18"
" Iago Abal,  Jean Melo,  Stefan Stanciulescu,  Claus Brabrand,  Marcio Ribeiro,  Andrzej Wasowski",TOSEM,2018,"Variability Bugs in Highly Configurable Systems: A Qualitative Analysis","analysis method undefined","sample-based analysis","implementation independent","","","AMS+:TOSEM18, no tool, evaluation"
"Aleksandar S. Dimovski, Claus Brabrand, Andrzej Wasowski",SCP,2018,"Variability Abstractions for Lifted Analyses","data-flow analysis","family-based analysis","preprocessor, family-based implementation","domain-independent specification","source code","DBW:SCP18, tool, evaluation"
" Michael Nieke,  Jacopo Mauro,  Christoph Seidl,  Thomas Th&uuml;m,  Ingrid Chieh Yu,  Felix Franzke",GPCE,2018,"Anomaly Analyses for Feature-Model Evolution","feature-model analysis","family-based analysis","implementation independent","specification independent","","NMS+:GPCE18"
" Sebastian Ruland,  Lars Luthmann,  Johannes B&uuml;rdek,  Sascha Lity,  Thomas Th&uuml;m,  Malte Lochau,  Marcio Ribeiro",GPCE,2018,"Measuring Effectiveness of Sample-Based Product-Line Testing","test-case generation, testing","family-product-based analysis, sample-based analysis","preprocessor, runtime variability, family-based implementation","specification independent","source code","RLB+:GPCE18, tool, evaluation, MiLu, CPAchecker, CPATiger, FeatureIDE, SiMPOSE"
" Michael Nieke,  Christoph Seidl,  Thomas Th&uuml;m",VARIVOLUTION,2018,"Back to the Future: Avoiding Paradoxes in Feature-Model Evolution","feature-model analysis","family-based analysis","implementation independent","specification independent","","NST:VariVolution18"
"Andrea Vandin,  Maurice H. ter Beek, Axel Legay,  Alberto Lluch Lafuente",FM,2018,"QFLan: A Tool for the Quantitative Analysis of Highly Reconfigurable Systems","statistical model checking","unoptimized product-based analysis","family-based implementation","family-based specification","design","VBLL:FM18, tool, evaluation, no proof, QFLan, MultiVeSta"
" Davide Basile,  Maurice H. ter Beek,  Stefania Gnesi",SPLC,2018,"Modelling and Analysis With Featured Modal Contract Automata","synthesis","unoptimized product-based analysis","services, family-based implementation","domain-independent specification","design","BBG:SPLC18, tool, evaluation, no proof, FMCAT, FeatureIDE"
" Lukas Linsbauer,  Roberto Erick Lopez-Herrejon,  Alexander Egyed",SOSYM,2017,"Variability Extraction and Modeling for Product Variants","variant-preserving migration","product-family-based analysis","clone-and-own, product-family-based implementation","specification independent","source code","LLE:SoSyM17, tool, evaluation"
" Aleksandar S. Dimovski,  Ahmad Salim Al-Sibahi,  Claus Brabrand,  Andrzej Wasowski",STTT,2017,"Efficient Family-Based Model Checking via Variability Abstractions","model checking","family-based analysis","preprocessor, family-based implementation","family-based specification","design","DABW:STTT17, tool, evaluation, LTL, fLTL, fPromela, FTS"
" Thiago N. Ferreira,  Jackson A. Prado Lima,  Andrei Strickler,  Josiel N. Kuk,  Silvia R. Vergilio,  Aurora Pozo",CIM,2017,"Hyper-Heuristic Based Product Selection for Software Product Line Testing","testing","sample-based analysis","implementation independent","specification independent","program","FLS+:CIM17"
"Alexander Grebhahn, Carmen Rodrigo, Norbert Siegmund, Francisco Jose Gaspar, Sven Apel",CCPE,2017,"Performance-Influence Models of Multigrid Methods: A Case Study on Triangular Grids","performance analysis","sample-based analysis","implementation independent","specification independent","program","GRS+:CCPE17"
"Andre Lanna, Thiago Castro, Vander Alves, Genaina Rodrigues, Pierre-Yves Schobbens, Sven Apel",IST,2017,"Feature-Family-Based Reliability Analysis of Software Product Lines","model checking","feature-family-based analysis","family-based implementation, feature-based implementation","","design","LCA+:IST17, tool, evaluation, ADD"
"Jens Meinicke, Thomas Th&uuml;m, Reimar Schr&ouml;ter, Fabian Benduhn, Thomas Leich, Gunter Saake",(book),2017,"Mastering Software Variability With FeatureIDE","family-specific analysis, feature-model analysis, static analysis, syntax checking, testing, type checking","family-based analysis, sample-based analysis, unoptimized product-based analysis","preprocessor, runtime variability, plug-ins, feature modules, aspects, implementation independent","domain-independent specification, feature-based specification, family-based specification","source code","MTS+17, tool, no evaluation"
"Fabian Benduhn, Thomas Th&uuml;m, Ina Schaefer, Gunter Saake",ICFEM,2017,"Modularization of Refinement Steps for Agile Formal Methods","model checking, theorem proving","unoptimized product-based analysis","feature-based implementation","feature-based specification","requirements, design, source code","BTSG:ICFEM17, feature moduldes, tool, evaluation, ASM, FeatureHouse, AsmetaL, FeatureIDE"
" Sebastian Krieter,  Marcus Pinnecke,  Jacob Kr&uuml;ger,  Joshua Sprey,  Christopher Sontag,  Thomas Th&uuml;m,  Thomas Leich,  Gunter Saake",SPLC,2017,"FeatureIDE: Empowering Third-Party Developers","feature-model analysis","family-based analysis","implementation independent","specification independent","source code","KPK+:SPLC17, tool, no evaluation, no proof"
" Mustafa Al-Hajjaji,  Sascha Lity,  Remo Lachmann,  Thomas Th&uuml;m,  Ina Schaefer,  Gunter Saake",VACE,2017,"Delta-Oriented Product Prioritization for Similarity-Based Product-Line Testing","testing","sample-based analysis","delta modules, family-based implementation","specification independent","source code, program","ALL+:VACE17"
" Davide Basile,  Maurice H. ter Beek,  Felicita Di Giandomenico,  Stefania Gnesi",DSPL,2017,"Orchestration of Dynamic Service Product Lines With Featured Modal Contract Automata","synthesis","unoptimized product-based analysis","services, family-based implementation","domain-independent specification","design","BBGG:DSPL17subsumedbyBBG:SPLC18, tool, no evaluation, no proof, FMCAT, FeatureIDE"
" Paul Gazzillo",ESECFSE,2017,"Kmax: Finding All Configurations of Kbuild Makefiles Statically","family-specific analysis, syntax checking","family-based analysis","build system, preprocessor, family-based implementation","","source code","G:ESECFSE17, domain-independet specification, tool, evaluation, BDD"
" Maurice H. ter Beek,  Erik P. de Vink,  Tim A. C. Willemse",FASE,2017,"Family-Based Model Checking With mCRL2","model checking","family-based analysis","family-based implementation","family-based specification","design","BVW:FASE17, tool, evaluation, mCRL2, FTS"
" Aleksandar S. Dimovski,  Andrzej Wasowski",FASE,2017,"Variability-Specific Abstraction Refinement for Family-Based Model Checking","model checking","family-based analysis","preprocessor, family-based implementation","family-based specification","design","DW:FASE17, tool, evaluation, fLTL, fPromela, FTS, LTL, SPIN"
" Helson L. Jakubovski Filho,  Jackson A. Prado Lima,  Silvia R. Vergilio",SBES,2017,"Automatic Generation of Search-Based Algorithms Applied to the Feature Testing of Software Product Lines","testing","sample-based analysis","implementation independent","specification independent","program","FLV:SBES17"
" Sascha El-Sharkawy,  Adam Krafczyk,  Klaus Schmid",SPLC,2017,"An Empirical Study of Configuration Mismatches in Linux","family-specific analysis","family-based analysis","preprocessor, family-based implementation","domain-independent specification","source code","ESKS:SPLC17, tool, evaluation, no proof, SAT"
" Lars Luthmann,  Andreas Stephan,  Johannes B&uuml;rdek,  Malte Lochau",SPLC,2017,"Modeling and Testing Product Lines With Unbounded Parametric Real-Time Constraints","test-case generation","family-based analysis","implementation independent","family-based specification","program","LSBL:SPLC17, tool, evaluation, SAT, Sat4J, Uppaal, CoPTA, IMITATOR"
"Jacopo Mauro, Michael Nieke, Christoph Seidl, Ingrid Chieh Yu",SPLC,2017,"Anomaly Detection and Explanation in Context-Aware Software Product Lines","feature-model analysis","family-based analysis","implementation independent","specification independent","","MNS+:SPLC17, tool"
" Alexander Schlie,  David Wille,  Sandro Schulze,  Loek Cleophas,  Ina Schaefer",SPLC,2017,"Detecting Variability in MATLAB/Simulink Models: An Industry-Inspired Technique and Its Evaluation","variant-preserving migration","product-family-based analysis","clone-and-own, product-based implementation","specification independent","model","SWS+:SPLC17"
" Ferruccio Damiani,  Reiner H&auml;hnle,  Michael Lienhardt",TAP,2017,"Abstraction Refinement for the Analysis of Software Product Lines","static analysis, theorem proving","family-based analysis","delta modules, family-based implementation","family-based specification","source code","DHL:TAP17, no tool, no evaluation, no proof"
" Axel Halin,  Alexandre Nuttinck,  Mathieu Acher,  Xavier Devroey,  Gilles Perrouin,  Patrick Heymans",VAMOS,2017,"Yo Variability! JHipster: A Playground for Web-Apps Analyses","testing","sample-based analysis","implementation independent","specification independent","program","HNA+:VaMoS17subsumedbyHNA+:EMSE19"
" David Wille,  Tobias Runge,  Christoph Seidl,  Sandro Schulze",VAMOS,2017,"Extractive Software Product Line Engineering Using Model-based Delta Module Generation","variant-preserving migration","product-family-based analysis","clone-and-own, product-based implementation","specification independent","model","WRSS:VaMoS17"
" Axel Halin,  Alexandre Nuttinck,  Mathieu Acher,  Xavier Devroey,  Gilles Perrouin,  Benoit Baudry",(techreport),2017,"Test Them All, Is It Worth It? A Ground Truth Comparison of Configuration Sampling Strategies","testing","sample-based analysis","implementation independent","specification independent","program","HNA+:TR17subsumedbyHNA+:EMSE19"
" Rui Angelo Matnei Filho,  Silvia Regina Vergilio",JSERD,2016,"A Multi-Objective Test Data Generation Approach for Mutation Testing of Feature Models","testing","sample-based analysis","implementation independent","specification independent","program","MFV:JSERD16"
" Harsh Beohar,  Mahsa Varshosaz,  Mohammad Reza Mousavi",SCP,2016,"Basic Behavioral Models for Software Product Lines: Expressiveness and Testing Pre-Orders","","","annotation-based implementation","","design","BVM:SCP16, survey"
" Alexander von Rhein,  Thomas Th&uuml;m,  Ina Schaefer,  J&ouml;rg Liebig,  Sven Apel",JLAMP,2016,"Variability Encoding: From Compile-Time to Load-Time Variability","analysis method independent","family-based analysis","preprocessor, family-based implementation","specification independent","source code","RTS+:JLAMP16, tool, proof"
"Maurice H. ter Beek, Alessandro Fantechi, Stefania Gnesi, Franco Mazzanti",JLAMP,2016,"Modelling and Analysing Variability in Product Families: Model Checking of Modal Transition Systems With Variability Constraints","model checking","family-based analysis","family-based implementation","family-based specification","design","BFGM:JLAMP16, MTS, tool, proof, no evaluation, VMC"
" Mustafa Al-Hajjaji,  Sebastian Krieter,  Thomas Th&uuml;m,  Malte Lochau,  Gunter Saake",GPCE,2016,"IncLing: Efficient Product-line Testing Using Incremental Pairwise Sampling","","","","","","AKT+:GPCE16"
" Mustafa Al-Hajjaji,  Jens Meinicke,  Sebastian Krieter,  Reimar Schr&ouml;ter,  Thomas Th&uuml;m,  Thomas Leich,  Gunter Saake",GPCE,2016,"Tool Demo: Testing Configurable Systems With FeatureIDE","","","","","","AMK+:GPCE16"
" Jens Meinicke,  Chu-Pan Wong,  Christian K&auml;stner,  Thomas Th&uuml;m,  Gunter Saake",ASE,2016,"On Essential Configuration Complexity: Measuring Interactions in Highly-Configurable Systems","testing","family-based analysis","runtime variability","specification independent","program","MWK+:ASE16, tool, evaluation"
" Sebastian Krieter,  Reimar Schr&ouml;ter,  Thomas Th&uuml;m,  Wolfram Fenske,  Gunter Saake",SPLC,2016,"Comparing Algorithms for Efficient Feature-Model Slicing","feature-model analysis","family-based analysis","implementation independent","","","KST+:SPLC16, tool"
" Tristan Pfofe,  Thomas Th&uuml;m,  Sandro Schulze,  Wolfram Fenske,  Ina Schaefer",SPLC,2016,"Synchronizing Software Variants With VariantSync","variant-preserving migration","unoptimized product-based analysis","clone-and-own","","source code","PTF+:SPLC16, tool, no evaluation"
" Gabriela Sampaio,  Paulo Borba,  Leopoldo Teixeira",SPLC,2016,"Partially Safe Evolution of Software Product Lines","static analysis","family-based analysis","implementation independent","","theory","SBT:SPLC16subsumedbySBT:JSS19, evaluation"
" Thomas Th&uuml;m,  Marcio Ribeiro,  Reimar Schr&ouml;ter,  Janet Siegmund,  Francisco Dalton",SPLC,2016,"Product-Line Maintenance With Emergent Contract Interfaces","data-flow analysis","family-based analysis","preprocessor, family-based implementation","family-based specification","source code","TRS+:SPLC16, no tool, evaluation"
" Thiago N. Ferreira,  Josiel Neumann Kuk,  Aurora Pozo,  Silvia Regina Vergilio",CEC,2016,"Product Selection Based on Upper Confidence Bound MOEA/D-DRA for Testing Software Product Lines","testing","sample-based analysis","implementation independent","specification independent","program","FKPV:CEC16"
" Maurice H. ter Beek,  Erik P. de Vink,  Tim A. C. Willemse",FMSPLE,2016,"Towards a Feature mu-Calculus Targeting SPL Verification","model checking","family-based analysis","family-based implementation","family-based specification","design","BVW:FMSPLE16subsumedbyBVW:FASE17, tool, proof, no evaluation, mCRL2"
"David Wille, Sandro Schulze, Christoph Seidl, Ina Schaefer",SANER,2016,"Custom-Tailored Variability Mining for Block-Based Languages","variant-preserving migration","product-family-based analysis","clone-and-own, product-based implementation","specification independent","model","WSSS:SANER16"
" Thomas Th&uuml;m,  Tim Winkelmann,  Reimar Schr&ouml;ter,  Martin Hentschel,  Stefan Kr&uuml;ger",VAMOS,2016,"Variability Hiding in Contracts for Dependent Software Product Lines","theorem proving","family-based analysis","feature modules, composition-based implementation","feature-based specification","source code","TWS+:VaMoS16, KeY, FeatureIDE, variability encoding, variability abstraction"
" Flavio Medeiros,  Christian K&auml;stner,  Marcio Ribeiro,  Rohit Gheyi,  Sven Apel",ICSE,2016,"A Comparison of 10 Sampling Algorithms for Configurable Systems","analysis method undefined","sample-based analysis","implementation independent","","","MKR+:ICSE16, tool, evaluation"
" Ferruccio Damiani,  Michael Lienhardt",IFM,2016,"On Type Checking Delta-Oriented Product Lines","type checking","family-based analysis","delta modules, family-based implementation","domain-independent specification","","DL:iFM16, SAT, proof"
" Maurice H. ter Beek,  Axel Legay,  Alberto Lluch Lafuente,  Andrea Vandin",ISOLA,2016,"Statistical Model Checking for Product Lines","statistical model checking","unoptimized product-based analysis","family-based implementation","family-based specification","design","BLLV:ISoLA16, tool, evaluation, no proof, QFLan, MultiVeSta, SMT, Maude"
" Maurice H. ter Beek,  Michel A. Reniers,  Erik P. de Vink",ISOLA,2016,"Supervisory Controller Synthesis for Product Lines Using CIF 3","synthesis","unoptimized product-based analysis","feature-based implementation","family-based specification","design","BRV:ISoLA16, tool, no evaluation, no proof, CIF3"
"David Wille, Michael Tiede, Sandro Schulze, Christoph Seidl, Ina Schaefer",ISOLA,2016,"Identifying Variability in Object-Oriented Code Using Model-Based Code Mining","variant-preserving migration","product-based analysis","clone-and-own, product-based implementation","specification independent","source code","WTS+:ISoLA16"
" Stefan Fischer,  Roberto E. Lopez-Herrejon,  Rudolf Ramler,  Alexander Egyed",SBST,2016,"A Preliminary Empirical Assessment of Similarity for Combinatorial Interaction Testing of Software Product Lines","testing","sample-based analysis","implementation independent","specification independent","program","FLRE:SBST16, no tool, evaluation"
" Emilio Incerto,  Mirco Tribastone,  Catia Trubiani",SEAMS,2016,"Symbolic Performance Adaptation","symbolic analysis","family-based analysis","implementation independent","family-based specification","program","ITT:SEAMS16, non-functional properties, runtime adaptation, no tool, SMT"
" Rafael Olaechea,  Uli Fahrenberg,  Joanne M. Atlee,  Axel Legay",SPLC,2016,"Long-Term Average Cost in Featured Transition Systems","performance analysis","family-based analysis","preprocessor, family-based implementation","specification independent","design","OFAL:SPLC16, tool, evaluation, FTS, fPromela"
"Lorenzo Bettini, Ferruccio Damiani, Ina Schaefer",SCP,2015,"Implementing Type-Safe Software Product Lines Using Parametric Traits","type checking","feature-product-based analysis","composition-based implementation","domain-independent specification","source code / program","BDS:SCP14, CSUR14, PhD15"
" Jan Midtgaard,  Aleksandar S. Dimovski,  Claus Brabrand,  Andrzej Wasowski",SCP,2015,"Systematic Derivation of Correct Variability-Aware Program Analyses","static analysis","family-based analysis","annotation-based implementation","domain-independent specification","source code / program","MDBW:SCP15"
"Mahsa Varshosaz, Harsh Beohar, Mohammad Reza Mousavi",ICFEM,2015,"Delta-Oriented FSM-Based Testing","test-case generation, testing","regression-based analysis","implementation independent","feature-based specification","design","VBM:ICFEM15, delta models, finite state machines"
" Rui Angelo Matnei Filho,  Silvia Regina Vergilio",SBES,2015,"A Mutation and Multi-Objective Test Data Generation Approach for Feature Testing of Software Product Lines","testing","sample-based analysis","implementation independent","specification independent","program","MFV:SBES15subsumedbyMFV:JSERD16"
"Tessa Belder,  Maurice H. ter Beek, Erik P. de Vink",FMSPLE,2015,"Coherent Branching Feature Bisimulation","model checking","family-based analysis","family-based implementation","family-based specification","design","BBV:FMSPLE15, evaluation, proof, FTS, mCRL2"
" Maurice H. ter Beek, Axel Legay, Alberto Lluch-Lafuente, Andrea Vandin",FMSPLE,2015,"Quantitative Analysis of Probabilistic Models of Software Product Lines with Statistical Model Checking","statistical model checking","unoptimized product-based analysis","family-based implementation","family-based specification","design","BLLV:FMSPLE15, tool, evaluation, no proof, PFLan, MultiVeSta, SMT, Maude"
"Paolo Arcaini, Angelo Gargantini, Paolo Vavassori",ICST,2015,"Generating Tests for Detecting Faults in Feature Models","","","","","","AGV:ICST15"
" Matthias Kowal,  Max Tschaikowski,  Mirco Tribastone,  Ina Schaefer",ASE,2015,"Scaling Size and Parameter Spaces in Variability-Aware Software Performance Models","performance analysis","family-product-based analysis","delta modules, family-based implementation","specification independent","design","KTTS:ASE15, no tool, evaluation, no proof"
"Aleksandar S. Dimovski, Claus Brabrand, Andrzej Wasowski",ECOOP,2015,"Variability Abstractions: Trading Precision for Speed in Family-Based Analyses","data-flow analysis","family-based analysis","preprocessor, family-based implementation","domain-independent specification","source code","DBW:ECOOP15subsumedbyDBW:SCP18, tool, evaluation"
" Shoham Ben-David,  Baruch Sterin,  Joanne M. Atlee,  Sandy Beidu",ICSE,2015,"Symbolic Model Checking of Product-Line Requirements Using SAT-Based Methods","model checking","family-based analysis","runtime variability, family-based implementation","family-wide specification, feature-based specification","design","BSAB:ICSE15, proof, tool, evaluation, CTL, SAT, BDD"
" Stefan Fischer,  Lukas Linsbauer,  Roberto E. Lopez-Herrejon,  Alexander Egyed",ICSE,2015,"The ECCO Tool: Extraction and Composition for Clone-and-Own","variant-preserving migration","product-family-based analysis","clone-and-own, product-family-based implementation","specification independent","source code","FLLE:ICSE15, tool, evaluation"
" Maurice H. ter Beek,  Ferruccio Damiani,  Stefania Gnesi,  Franco Mazzanti,  Luca Paolini",SEFM,2015,"From Featured Transition Systems to Modal Transition Systems With Variability Constraints","analysis method undefined","analysis strategy undefined","family-based implementation","specification undefined","design","BDG+:SEFM15subsumedbyBDG+:SCP19, no tool, no evaluation, proof, FTS, MTS"
" Maurice H. ter Beek,  Alessandro Fantechi,  Stefania Gnesi,  Franco Mazzanti",SPLAT,2015,"Using FMC for Family-Based Analysis of Software Product Lines","model checking","family-based analysis","family-based implementation","family-wide specification","design","BFGM:SPLat15, no tool, no proof, no evaluation, FMC"
" Maurice H. ter Beek,  Axel Legay,  Alberto Lluch Lafuente,  Andrea Vandin",SPLC,2015,"Statistical Analysis of Probabilistic Models of Software Product Lines With Quantitative Constraints","statistical model checking","unoptimized product-based analysis","family-based implementation","family-based specification","design","BLLV:SPLC15, tool, evaluation, no proof, QFLan, MultiVeSta, SMT, Maude"
" Dennis Reuling,  Johannes B&uuml;rdek,  Serge Rot&auml;rmel,  Malte Lochau,  Udo Kelter",SPLC,2015,"Fault-Based Product-Line Testing: Effective Sample Generation Based on Feature-Diagram Mutation","","","","","","RBR+:SPLC15"
" Lukas Linsbauer,  Stefan Fischer,  Roberto E. Lopez-Herrejon,  Alexander Egyed",SST,2015,"Using Traceability for Incremental Construction and Evolution of Software Product Portfolios","variant-preserving migration","product-family-based analysis","clone-and-own, product-family-based implementation","specification independent","source code","LFLE:SST15, tool, evaluation"
" Xavier Devroey,  Gilles Perrouin,  Axel Legay,  Pierre-Yves Schobbens,  Patrick Heymans",VAMOS,2015,"Covering SPL Behaviour With Sampled Configurations: An Initial Assessment","feature-model analysis","sample-based analysis","implementation independent","specification independent","","DPL+:VaMoS15, evaluation, FTS"
" Christopher Henard,  Mike Papadakis,  Gilles Perrouin,  Jacques Klein,  Patrick Heymans,  Yves Le Traon",TSE,2014,"Bypassing the Combinatorial Explosion: Using Similarity to Generate and Prioritize T-Wise Test Configurations for Software Product Lines","","","","","","HPP+:TSE14"
" Hamideh Sabouri,  Ramtin Khosravi",SCP,2014,"Reducing the Verification Cost of Evolving Product Families Using Static Analysis Techniques","model checking, static analysis","family-based analysis","annotation-based implementation","family-wide specification","design","SK:SCP14, CSUR14, PhD15"
" Sheng Chen,  Martin Erwig,  Eric Walkingshaw",TOPLAS,2014,"Extending Type Inference to Variational Programs","type checking","family-based analysis","annotation-based implementation","domain-independent specification","source code / program","CEW:TOPLAS14, compared to product-based (unoptimized), CSUR14, PhD15"
"Andreas Classen, Maxime Cordy, Patrick Heymans, Axel Legay, Pierre-Yves Schobbens",SCP,2014,"Formal Semantics, Modular Specification, and Symbolic Verification of Product-Line Behaviour","model checking","family-based analysis","composition-based implementation","family-based specification","design","CCH+:SCP14, PhD15"
" Anastasia Cmyrev,  Ralf Reissing",IJAST,2014,"Efficient and Effective Testing of Automotive Software Product Lines","testing","sample-based analysis","implementation independent","specification independent","program","CR:IJAST14"
"Felype Ferreira, Rohit Gheyi, Paulo Borba, Gustavo Soares",JUCS,2014,"A Toolset for Checking SPL Refinements","refactoring","regression-based analysis","","specification independent","source code","FGFS:JUCS14, tool, evaluation"
"Alexander Grebhahn, Sebastian Kuckuk, Christian Schmitt, Harald K&ouml;stler, Norbert Siegmund, Sven Apel, Frank Hannig, J&uuml;rgen Teich",PPL,2014,"Experiments on Optimizing the Performance of Stencil Codes With SPL Conqueror","performance analysis","sample-based analysis","implementation independent","specification independent","program","GKS+:PPL14"
" Christopher Henard,  Mike Papadakis,  Yves Le Traon",(incollection),2014,"Mutation-Based Generation of Software Product Line Test Configurations","","","","","","HPL:SBSE14"
"Yufeng Shi, Ou Wei, Yu Zhou",INNOSWDEV,2014,"Model Checking Partial Software Product Line Designs","model checking","family-based analysis","annotation-based implementation","family-wide specification","design","SWZ:InnoSWDev14, PhD15"
"Richard Bubel, Reiner H&auml;hnle, Maria Pelevina",ISOLA,2014,"Fully Abstract Operation Contracts","theorem proving","regression-based analysis","product-based implementation","product-based specification","source code","BHP:ISoLA14"
" Maurice H. ter Beek,  Erik P. de Vink",ISOLA,2014,"Towards Modular Verification of Software Product Lines With mCRL2","model checking","family-based analysis","annotation-based implementation","family-wide specification","design","BV:ISoLA14, PhD15"
" Malte Lochau,  Stephan Mennicke,  Hauke Baller,  Lars Ribbeck",ISOLA,2014,"DeltaCCS: A Core Calculus for Behavioral Change","model checking","regression-based analysis","composition-based implementation","family-wide specification","design","LMBR:ISoLA14, PhD15"
" Mustafa Al-Hajjaji,  Thomas Th&uuml;m,  Jens Meinicke,  Malte Lochau,  Gunter Saake",SPLC,2014,"Similarity-Based Prioritization in Software Product-Line Testing","testing","sample-based analysis","implementation independent","specification independent","program","ATM+:SPLC14subsumedbyATL+:SoSyM19, PhD15"
" Reimar Schr&ouml;ter,  Norbert Siegmund,  Thomas Th&uuml;m,  Gunter Saake",SPLC,2014,"Feature-Context Interfaces: Tailored Programming Interfaces for Software Product Lines","type checking","family-based analysis","composition-based implementation","domain-independent specification","source code / program","SSTS:SPLC14, PhD15"
" Thomas Th&uuml;m,  Jens Meinicke,  Fabian Benduhn,  Martin Hentschel,  Alexander von Rhein,  Gunter Saake",SPLC,2014,"Potential Synergies of Theorem Proving and Model Checking for Software Product Lines","model checking, theorem proving","family-based analysis","composition-based implementation","feature-based specification","source code","TMB+:SPLC14, PhD15, KeY, JPF, OpenJML, FeatureIDE, FeatureHouse, variability encoding"
" Xavier Devroey,  Gilles Perrouin,  Maxime Cordy,  Pierre-Yves Schobbens,  Axel Legay,  Patrick Heymans",VAMOS,2014,"Towards Statistical Prioritization for Software Product Lines Testing","model checking, testing","family-based analysis","implementation undefined","specification undefined","design","DPC+:VaMoS14"
" Clemens Dubslaff,  Sascha Kl&uuml;ppelholz,  Christel Baier",AOSD,2014,"Probabilistic Model Checking for Energy Analysis in Software Product Lines","model checking","family-based analysis","composition-based implementation","feature-based specification","design","DKB:AOSD14, non-functional properties, PhD15"
" Jan Midtgaard,  Claus Brabrand,  Andrzej Wasowski",AOSD,2014,"Systematic Derivation of Static Analyses for Software Product Lines","static analysis","family-based analysis","annotation-based implementation","domain-independent specification","source code / program","MBW:AOSD14subsumedbyMDBW:SCP15, CSUR14, PhD15"
" Mahsa Varshosaz,  Ramtin Khosravi",APSEC,2014,"Model Checking of Software Product Lines in Presence of Nondeterminism and Probabilities","model checking","family-based analysis","annotation-based implementation","family-wide specification","design","VK:APSEC14, probabilistic model checking, Markov decision process, PCTL, non-determinism, no tool, no evaluation"
" Iago Abal,  Claus Brabrand,  Andrzej Wasowski",ASE,2014,"42 Variability Bugs in the Linux Kernel: A Qualitative Analysis","analysis method undefined","sample-based analysis","implementation independent","","","ABW:ASE14subsumedbyAMS+:TOSEM18, no tool, evaluation"
" Reinhard Tartler,  Christian Dietrich,  Julio Sincero,  Wolfgang Schr&ouml;der-Preikschat,  Daniel Lohmann",ATC,2014,"Static Analysis of Variability in System Software: The 90,000 #Ifdefs Issue","family-specific analysis","family-product-based analysis, sample-based analysis","build system, preprocessor, family-based implementation","domain-independent specification","source code","TDS+:ATC14, tool, evaluation, no proof, SAT"
"Roberto Erick Lopez-Herrejon, Javier Ferrer, Francisco Chicano, Alexander Egyed, Enrique Alba",CEC,2014,"Comparative Analysis of Classical Multi-Objective Evolutionary Algorithms and Seeding Strategies for Pairwise Testing of Software Product Lines","","","","","","LHF+:CEC14"
" Matthias Kowal,  Ina Schaefer,  Mirco Tribastone",FASE,2014,"Family-Based Performance Analysis of Variant-Rich Software Systems","performance analysis","family-product-based analysis","delta modules, family-based implementation","specification independent","design","KST:FASE14, no tool, evaluation, no proof"
"Sara Bessling, Michaela Huhn",FHIES,2014,"Towards Formal Safety Analysis in Feature-Oriented Product Line Development","model checking","unoptimized product-based analysis","composition-based implementation","feature-based specification","design","BH:FHIES14, CSUR14, PhD15"
" Maurice H. ter Beek,  Erik P. de Vink",FORMALISE,2014,"Using mCRL2 for the Analysis of Software Product Lines","model checking","family-based analysis","annotation-based implementation","family-wide specification","design","BV:FormaliSE14, PhD15"
" Hauke Baller,  Malte Lochau",FOSD,2014,"Towards Incremental Test Suite Optimization for Software Product Lines","testing","sample-based analysis","implementation independent","family-based specification","design, program","BL:FOSD14, no tool, no evaluation, no proof"
"Hung Viet Nguyen, Christian K&auml;stner, Tien N. Nguyen",FSE,2014,"Building Call Graphs for Embedded Client-Side Code in Dynamic Web Applications","static analysis, syntax checking, testing","family-based analysis","annotation-based implementation","domain-independent specification","source code / program","NKN:FSE14, PhD15"
" Sheng Chen,  Martin Erwig",ICFP,2014,"Type-Based Parametric Analysis of Program Families","type checking","family-based analysis","annotation-based implementation","domain-independent specification","source code / program","CE:ICFP14, CSUR14, PhD15"
" Hung Viet Nguyen,  Christian K&auml;stner,  Tien N. Nguyen",ICSE,2014,"Exploring Variability-Aware Execution for Testing Plugin-Based Web Applications","testing","family-based analysis","annotation-based implementation","family-wide specification","source code / program","NKN:ICSE14"
" Marcio Ribeiro,  Paulo Borba,  Christian K&auml;stner",ICSE,2014,"Feature Maintenance With Emergent Interfaces","static analysis","family-based analysis","annotation-based implementation","domain-independent specification","source code / program","RBK:ICSE14, CSUR14, PhD15"
" Stefan Fischer,  Lukas Linsbauer,  Roberto Erick Lopez-Herrejon,  Alexander Egyed",ICSME,2014,"Enhancing Clone-and-Own With Systematic Reuse for Developing Software Variants","variant-preserving migration","product-family-based analysis","clone-and-own, product-family-based implementation","specification independent","source code","FLL+:ICSME14subsumedbyLLE:SoSyM17, tool, evaluation"
" Benjamin Klatt,  Klaus Krogmann,  Christoph Seidl",ICSME,2014,"Program Dependency Analysis for Consolidating Customized Product Copies","variant-preserving migration","product-based analysis","product-based implementation","","source code / program","KKS:ICSME14, specification undefined (none)"
"Frederik Kanning, Sandro Schulze",ICSME,2014,"Program Slicing in the Presence of Preprocessor Variability","static analysis","family-based analysis","annotation-based implementation","","source code / program","KS:ICSME14, specification undefined (none), PhD15"
" Lukas Linsbauer,  Florian Angerer,  Paul Gr&uuml;nbacher,  Daniela Lettner,  Herbert Pr&auml;hofer,  Roberto E. Lopez-Herrejon,  Alexander Egyed",ICSME,2014,"Recovering Feature-to-Code Mappings in Mixed-Variability Software Systems","variant-preserving migration","product-family-based analysis","clone-and-own, product-family-based implementation","specification independent","source code","LAG+:ICSME14, tool, evaluation"
" Hauke Baller,  Sascha Lity,  Malte Lochau,  Ina Schaefer",ICST,2014,"Multi-Objective Test Suite Optimization for Incremental Product Family Testing","test-case selection, testing","sample-based analysis, optimized product-based analysis","implementation independent","family-based specification","requirements","HSMI:ICST14"
" Xavier Devroey,  Gilles Perrouin,  Axel Legay,  Maxime Cordy,  Pierre-Yves Schobbens,  Patrick Heymans",ISOLA,2014,"Coverage Criteria for Behavioural Testing of Software Product Lines","testing","analysis strategy undefined","implementation independent","family-based specification","","DPL+:ISoLA14, no tool, no evaluation, FTS"
" Eric Walkingshaw,  Christian K&auml;stner,  Martin Erwig,  Sven Apel,  Eric Bodden",ONWARD,2014,"Variational Data Structures: Exploring Tradeoffs in Computing With Variability","data-flow analysis, syntax checking, type checking","family-based analysis","preprocessor, feature modules, family-based implementation, feature-based implementation","domain-independent specification","source code","WKE+:Onward14"
" Xavier Devroey,  Gilles Perrouin,  Pierre-Yves Schobbens",SPLAT,2014,"Abstract Test Case Generation for Behavioural Testing of Software Product Lines","testing","unoptimized product-based analysis","annotation-based implementation","family-based specification","design","DPS:SPLat14"
" Maurice H. ter Beek,  Erik P. de Vink",SPLATOOLS,2014,"Software Product Line Analysis With mCRL2","model checking","family-based analysis","annotation-based implementation","family-wide specification","design","BV:SPLat14, PhD15"
" Maxime Cordy,  Marco Willemart,  Bruno Dawagne,  Patrick Heymans,  Pierre-Yves Schobbens",SPLATOOLS,2014,"An Extensible Platform for Product-Line Behavioural Analysis","model checking","family-based analysis","annotation-based implementation","family-based specification","design","CWD+:SPLat14, PhD15"
" Borislava I. Simidchieva,  Leon J. Osterweil",SPLC,2014,"Generation, Composition, and Verification of Families of Human-Intensive Systems","model checking","family-based analysis","services, feature-based implementation","family-wide specification","","SO:SPLC14, tool, evaluation"
" Stephan Adelsberger,  Stefan Sobernig,  Gustaf Neumann",VAMOS,2014,"Towards Assessing the Complexity of Object Migration in Dynamic, Feature-Oriented Software Product Lines","static analysis","family-based analysis","composition-based implementation","","source code / program","ASN:VaMoS14, specification undefined (none), CSUR14, PhD15"
"Andreas Classen, Maxime Cordy, Pierre-Yves Schobbens, Patrick Heymans, Axel Legay, Jean-Francois Raskin",TSE,2013,"Featured Transition Systems: Foundations for Verifying Variability-Intensive Systems and Their Application to LTL Model Checking","model checking","family-based analysis","composition-based implementation, annotation-based implementation","family-based specification","design","CCS+13, CSUR14, PhD15"
" Lorenzo Bettini,  Ferruccio Damiani,  Ina Schaefer",ACTA INFORMATICA,2013,"Compositional Type Checking of Delta-Oriented Software Product Lines","type checking","feature-product-based analysis","composition-based implementation","domain-independent specification","source code / program","BDS13, CSUR14, PhD15"
"Hamideh Sabouri, Ramtin Khosravi",JUCS,2013,"Modeling and Verification of Reconfigurable Actor Families","model checking","family-based analysis","annotation-based implementation","family-wide specification","design","SK:JUCS13, compared to product-based (unoptimized), CSUR14, PhD15"
" Joel Greenyer,  Amir Molzam Sharifloo,  Maxime Cordy,  Patrick Heymans",REJ,2013,"Features Meet Scenarios: Modeling and Consistency-Checking Scenario-Based Product Line Specifications","model checking","family-based analysis","composition-based implementation","family-wide specification","design","GSCH:REJ13, CSUR14, PhD15"
" Claus Brabrand,  Marcio Ribeiro,  Tarsis Toledo,  Johnni Winther,  Paulo Borba",TAOSD,2013,"Intraprocedural Dataflow Analysis for Software Product Lines","static analysis","family-based analysis","annotation-based implementation","family-wide specification","source code / program","BRT+:TAOSD13, CSUR14, PhD15, BDD"
" Sergiy Kolesnikov,  Alexander von Rhein,  Claus Hunsen,  Sven Apel",GPCE,2013,"A Comparison of Product-Based, Feature-Based, and Family-Based Type Checking","type checking","family-based analysis, feature-product-based analysis","composition-based implementation","domain-independent specification","source code / program","KRHA:GPCE13, CSUR14, PhD15"
" Chang Hwan Peter Kim,  Darko Marinov,  Sarfraz Khurshid,  Don Batory,  Sabrina Souto,  Paulo Barros,  Marcelo D'Amorim",ESECFSE,2013,"SPLat: Lightweight Dynamic Analysis for Reducing Combinatorics in Testing Configurable Systems","testing","family-based analysis","annotation-based implementation","feature-based specification","source code / program","KMKB:ESECFSE13"
" J&ouml;rg Liebig,  Alexander von Rhein,  Christian K&auml;stner,  Sven Apel,  Jens D&ouml;rre,  Christian Lengauer",ESECFSE,2013,"Scalable Analysis of Variable Software","static analysis, type checking","family-based analysis, sample-based analysis","annotation-based implementation","domain-independent specification, family-wide specification","source code / program","LKA+:ESECFSE13, CSUR14, PhD15"
" Thomas Th&uuml;m,  Sven Apel,  Andreas Zelend,  Reimar Schr&ouml;ter,  Bernhard M&ouml;ller",MASPEGHI,2013,"Subclack: Feature-Oriented Programming With Behavioral Feature Interfaces","runtime analysis","unoptimized product-based analysis","composition-based implementation","feature-based specification","source code / program","TAZ+:MASPEGHI13"
" Reiner H&auml;hnle,  Ina Schaefer,  Richard Bubel",CADE,2013,"Reuse in Software Verification by Abstract Method Calls","theorem proving","regression-based analysis","composition-based implementation","feature-based specification","source code","HSB:CADE13, PhD15"
" Duc Minh Le,  Hyesun Lee,  Kyo C. Kang,  Lee Keun",ICSR,2013,"Validating Consistency Between a Feature Model and Its Implementation","type checking","family-based analysis","annotation-based implementation","domain-independent specification","source code / program","LLKK:ICSR13, compared to none, CSUR14, PhD15"
" Sven Apel,  Alexander von Rhein,  Philipp Wendler,  Armin Gr&ouml;&szlig;linger,  Dirk Beyer",ICSE,2013,"Strategies for Product-Line Verification: Case Studies and Experiments","model checking","family-based analysis, sample-based analysis","composition-based implementation","feature-based specification","source code / program","ARW+:ICSE13, CSUR14, PhD15"
" Maxime Cordy,  Pierre-Yves Schobbens,  Patrick Heymans,  Axel Legay",ICSE,2013,"Beyond Boolean Product-Line Model Checking: Dealing With Feature Attributes and Multi-Features","model checking","family-based analysis","annotation-based implementation","family-based specification","design","CSHL:ICSE13, CSUR14, PhD15"
" Patrick Heymans,  Axel Legay,  Maxime Cordy",ICSE,2013,"Efficient Quality Assurance of Variability-Intensive Systems","model checking","family-based analysis","","","design","HLC:ICSE13"
" Maxime Cordy,  Andreas Classen,  Patrick Heymans,  Axel Legay,  Pierre-Yves Schobbens",ASAS,2013,"Model Checking Adaptive Software With Featured Transition Systems","model checking","family-based analysis","annotation-based implementation","family-based specification","design","CCH+:ASAS13, CSUR14, PhD15"
" Jianmei Guo,  Krzysztof Czarnecki,  Sven Apel,  Norbert Siegmund,  Andrzej Wasowski",ASE,2013,"Variability-Aware Performance Prediction: A Statistical Learning Approach","performance analysis","sample-based analysis","implementation independent","specification independent","program","GCA+:ASE13subsumedbyGYS+:EMSE18"
" Joel Greenyer,  Christian Brenner,  Maxime Cordy,  Patrick Heymans,  Erika Gressi",ESECFSE,2013,"Incrementally Synthesizing Controllers From Scenario-Based Product Line Specifications","synthesis","regression-based analysis","composition-based implementation","family-wide specification","design","GBC+:ESECFSE13, compared to product-based (unoptimized)"
"Michaela Huhn, Sara Bessling",FHIES,2013,"Enhancing Product Line Development by Safety Requirements and Verification","model checking","unoptimized product-based analysis","composition-based implementation","feature-based specification","design","HB:FHIES13, CSUR14, PhD15"
" Maurice H. ter Beek,  Alberto Lluch Lafuente,  Marinella Petrocchi",FMSPLE,2013,"Combining Declarative and Procedural Views in the Specification and Analysis of Product Families","model checking","family-based analysis","annotation-based implementation","family-wide specification","design","BLP:FMSPLE13, CSUR14, PhD15"
" Christoph Seidl,  Ina Schaefer,  Uwe A&szlig;mann",FMSPLE,2013,"Variability-Aware Safety Analysis Using Delta Component Fault Diagrams","fault-tree analysis","family-product-based analysis","composition-based implementation","","design","SSA:FMSPLE13, specification undefined (none)"
" Mahsa Varshosaz,  Ramtin Khosravi",FMSPLE,2013,"Discrete Time Markov Chain Families: Modeling and Verification of Probabilistic Software Product Lines","model checking","family-based analysis","annotation-based implementation","family-wide specification","design","VK:FMSPLE13, Markov chains, probabilistic model checking, Markov chain, PCTL, no tool, no evaluation"
" Hamideh Sabouri,  Ramtin Khosravi",FSEN,2013,"Delta Modeling and Model Checking of Product Families","model checking","family-based analysis","composition-based implementation","domain-independent specification","design","SK:FSEN13, CSUR14, PhD15"
" Flavio Medeiros,  Marcio Ribeiro,  Rohit Gheyi",GPCE,2013,"Investigating Preprocessor-Based Syntax Errors","syntax checking","family-based analysis","annotation-based implementation","domain-independent specification","source code / program","MRG:GPCE13, CSUR14, PhD15"
" Maurice H. ter Beek,  Alberto Lluch Lafuente,  Marinella Petrocchi",ICTCS,2013,"Combining Declarative and Procedural Views in the Feature-Oriented Specification and Analysis of Product Families","model checking","family-based analysis","annotation-based implementation","family-wide specification","design","BLP:ICTCS13subsumedbyBLP:FMSPLE13, CSUR14, PhD15"
" Jean-Vivien Millo,  S. Ramesh,  Shankara Narayanan Krishna,  Ganesh Khandu Narwane",IFM,2013,"Compositional Verification of Software Product Lines","model checking","feature-product-based analysis","composition-based implementation","feature-based specification","requirements, design","MRKN:iFM13"
" Eric Bodden,  Tarsis Toledo,  Marcio Ribeiro,  Claus Brabrand,  Paulo Borba,  Mira Mezini",PLDI,2013,"SPLLIFT: Statically Analyzing Software Product Lines in Minutes Instead of Years","static analysis","family-based analysis","annotation-based implementation","family-wide specification","source code / program","BTR+:PLDI13, CSUR14, PhD15, BDD"
" Benjamin Delaware,  Bruno C. d. S. Oliveira,  Tom Schrijvers",POPL,2013,"Meta-Theory a la Carte","theorem proving","feature-product-based analysis","composition-based implementation","domain-independent specification","theory","DOS:POPL13, CSUR14, PhD15"
" Maxime Cordy,  Andreas Classen,  Patrick Heymans,  Pierre-Yves Schobbens,  Axel Legay",SPLC,2013,"ProVeLines: A Product Line of Verifiers for Software Product Lines","model checking","family-based analysis","composition-based implementation, annotation-based implementation","specification undefined","design","CCH+:SPLC13"
" Christopher Henard,  Mike Papadakis,  Gilles Perrouin,  Jacques Klein,  Yves Le Traon",SPLC,2013,"Multi-Objective Test Generation for Software Product Lines","","","","","","HPP+:SPLC13"
" Lukas Linsbauer,  E. Roberto Lopez-Herrejon,  Alexander Egyed",SPLC,2013,"Recovering Traceability Between Features and Code in Product Variants","variant-preserving migration","product-family-based analysis","clone-and-own, product-family-based implementation","specification independent","source code","LLE:SPLC13subsumedbyLLE:SoSyM17, tool, evaluation"
" Dusica Marijan,  Arnaud Gotlieb,  Sagar Sen,  Aymeric Hervieu",SPLC,2013,"Practical Pairwise Testing for Software Product Lines","","","","","","MGSH:SPLC13"
" Martin Erwig,  Klaus Ostermann,  Tillmann Rendel,  Eric Walkingshaw",VAMOS,2013,"Adding Configuration to the Choice Calculus","type checking","family-based analysis","annotation-based implementation","domain-independent specification","design","EORW:VaMoS13"
" Evelyn Nicole Haslinger,  Roberto E. Lopez-Herrejon,  Alexander Egyed",VAMOS,2013,"Using Feature Model Knowledge to Speed Up the Generation of Covering Arrays","","","","","","HLHE:VaMoS13"
" Matthias Kowal,  Sandro Schulze,  Ina Schaefer",VARICOMP,2013,"Towards Efficient SPL Testing by Variant Reduction","","","","","","KSS:VariComp13"
" Paul Istoan",(phdthesis),2013,"Methodology for the Derivation of Product Behaviour in a Software Product Line","model checking, type checking","feature-product-based analysis","composition-based implementation","domain-independent specification, family-wide specification, feature-based specification","design","Istoan13, CSUR14, PhD15"
" Christian K&auml;stner,  Sven Apel,  Thomas Th&uuml;m,  Gunter Saake",TOSEM,2012,"Type Checking Annotation-Based Product Lines","type checking","family-based analysis","annotation-based implementation","domain-independent specification","source code / program","KATS:TOSEM12, compared to single product, CSUR14, PhD15, SAT"
" Reinhard Tartler,  Daniel Lohmann,  Christian Dietrich,  Christoph Egger,  Julio Sincero",OSR,2012,"Configuration Coverage in the Analysis of Large-Scale System Software","family-specific analysis","sample-based analysis","annotation-based implementation","domain-independent specification","source code / program","TLD:OSR12, CSUR14, PhD15"
" Gilles Perrouin,  Sebastian Oster,  Sagar Sen,  Jacques Klein,  Benoit Baudry,  Yves Le Traon",SQJ,2012,"Pairwise Testing for Software Product Lines: Comparison of Two Approaches","","","","","","POS+:SQJ12"
"Andreas Classen, Maxime Cordy, Patrick Heymans, Axel Legay, Pierre-Yves Schobbens",STTT,2012,"Model Checking Software Product Lines With SNIP","model checking","family-based analysis","annotation-based implementation","family-based specification","design","CCH+12, CSUR14, PhD15"
" Sven J&ouml;rges,  Anna-Lena Lamprecht,  Tiziana Margaria,  Ina Schaefer,  Bernhard Steffen",STTT,2012,"A Constraint-Based Variability Modeling Framework","feature-model analysis","","","","","JLM+12"
" Faezeh Ensan,  Ebrahim Bagheri,  Dragan Gasevic",(incollection),2012,"Evolutionary Search-Based Test Generation for Software Product Line Feature Models","","","","","","EBG:CAiSE12"
" Martin Fagereng Johansen,  Oystein Haugen,  Franck Fleurey,  Anne Grete Eldegard,  Torbjorn Syversen",(incollection),2012,"Generating Better Partial Covering Arrays by Modeling Weights on Sub-Product Lines","","","","","","JHF+:MODELS12"
" Chang Hwan Peter Kim,  Sarfraz Khurshid,  Don Batory",ISSRE,2012,"Shared Execution for Efficiently Testing Product Lines","testing","family-based analysis","annotation-based implementation","family-based specification","source code / program","KKB:ISSRE12"
" Patrizia Asirelli,  Maurice H. ter Beek,  Alessandro Fantechi,  Stefania Gnesi",ISOLA,2012,"A Compositional Framework to Derive Product Line Behavioural Descriptions","model checking","family-based analysis","annotation-based implementation","family-based specification","design","ABFG:ISoLA12, CSUR14, PhD15"
" Ferruccio Damiani,  Ina Schaefer",ISOLA,2012,"Family-Based Analysis of Type Safety for Delta-Oriented Software Product Lines","type checking","feature-family-based analysis","composition-based implementation","domain-independent specification","source code / program","DS:ISoLA12, CSUR14, PhD15"
" Christian K&auml;stner,  Klaus Ostermann,  Sebastian Erdweg",OOPSLA,2012,"A Variability-Aware Module System","type checking","family-based analysis","annotation-based implementation","domain-independent specification","source code / program","KOE:OOPSLA12, compared to none, CSUR14, PhD15"
" Thomas Buchmann,  Felix Schw&auml;gerl",FOSD,2012,"Ensuring Well-Formedness of Configured Domain Models in Model-Driven Product Lines Based on Negative Variability","type checking","unoptimized product-based analysis","annotation-based implementation","domain-independent specification","design","BS:FOSD12, CSUR14, PhD15"
" Christian K&auml;stner,  Alexander von Rhein,  Sebastian Erdweg,  Jonas Pusch,  Sven Apel,  Tillmann Rendel,  Klaus Ostermann",FOSD,2012,"Toward Variability-Aware Testing","testing","family-based analysis","annotation-based implementation","family-wide specification","source code / program","KRE+:FOSD12"
" Thomas Th&uuml;m,  Ina Schaefer,  Sven Apel,  Martin Hentschel",GPCE,2012,"Family-Based Deductive Verification of Software Product Lines","theorem proving","family-based analysis","feature modules, composition-based implementation","feature-based specification","source code","TSAH:GPCE12, CSUR14, PhD15, KeY, MonKeY"
" Joel Greenyer,  Amir Molzam Sharifloo,  Maxime Cordy,  Patrick Heymans",RE,2012,"Efficient Consistency Checking of Scenario-Based Product-Line Specifications","model checking","family-based analysis","composition-based implementation","family-wide specification","design","GSCH:RE12, CSUR14, PhD15"
"Giselle Machado, Vander Alves, Rohit Gheyi",WASP,2012,"Formal Specification and Verification of Well-Formedness in Business Process Product Lines","type checking","family-based analysis","composition-based implementation","domain-independent specification","design","MAG:WASP12"
" Maurice H. ter Beek,  Franco Mazzanti,  Aldi Sulova",FM,2012,"VMC: A Tool for Product Variability Analysis","model checking","family-based analysis","annotation-based implementation","family-based specification","design","BMS:FM12subsumedbyABFG:ISoLA12, CSUR14, PhD15"
"Eric Bodden",PLAS,2012,"Position Paper: Static Flow-Sensitive &amp; Context-Sensitive Information-Flow Analysis for Software Product Lines","static analysis","family-based analysis","annotation-based implementation","family-wide specification","source code / program","B:PLAS12subsumedbyBTR+:PLDI13, CSUR14, PhD15"
" Jiangfan Shi,  Myra B. Cohen,  Matthew B. Dwyer",FASE,2012,"Integration Testing of Software Product Lines Using Compositional Symbolic Execution","static analysis, testing","family-product-based analysis","annotation-based implementation","domain-independent specification","source code / program","SCD:FASE12, CSUR14, PhD15"
" Claus Brabrand,  Marcio Ribeiro,  Tarsis Toledo,  Paulo Borba",AOSD,2012,"Intraprocedural Dataflow Analysis for Software Product Lines","static analysis","family-based analysis","annotation-based implementation","family-wide specification","source code / program","BRTB:AOSD12subsumedbyBRT+:TAOSD13, CSUR14, PhD15"
" Hamideh Sabouri,  Mohammad Mahdi Jaghoori,  Frank de Boer,  Ramtin Khosravi",COMPSAC,2012,"Scheduling and Analysis of Real-Time Software Families","model checking","family-based analysis","annotation-based implementation","domain-independent specification","design","SJBK:COMPSAC12, compared to product-based (unoptimized), CSUR14, PhD15"
" Maxime Cordy,  Pierre-Yves Schobbens,  Patrick Heymans,  Axel Legay",FMSPLE,2012,"Towards an Incremental Automata-Based Approach for Software Product-Line Model Checking","model checking","regression-based analysis","composition-based implementation","family-wide specification","design","CSHL:FMSPLE12, CSUR14, PhD15"
" Ferruccio Damiani,  Olaf Owe,  Johan Dovland,  Ina Schaefer,  Einar Broch Johnsen,  Ingrid Chieh Yu",FMSPLE,2012,"A Transformational Proof System for Delta-Oriented Programming","theorem proving","feature-product-based analysis","composition-based implementation","feature-based specification","source code","DDJ+:FMSPLE12, CSUR14, PhD15"
" Hamideh Sabouri,  Ramtin Khosravi",FSEN,2012,"Efficient Verification of Evolving Software Product Lines","model checking","family-based analysis","composition-based implementation","family-wide specification","design","SK:FSEN12, CSUR14, PhD15"
" Sheng Chen,  Martin Erwig,  Eric Walkingshaw",ICFP,2012,"An Error-Tolerant Type System for Variational Lambda Calculus","type checking","family-based analysis","annotation-based implementation","domain-independent specification","source code / program","CEW:ICFP12subsumedbyCEW:TOPLAS14, CSUR14, PhD15"
" Maxime Cordy,  Andreas Classen,  Gilles Perrouin,  Pierre-Yves Schobbens,  Patrick Heymans,  Axel Legay",ICSE,2012,"Simulation-Based Abstractions for Software Product-Line Model Checking","model checking","family-based analysis","annotation-based implementation","family-based specification","design","CCP+:ICSE12, CSUR14, PhD15"
" Reiner H&auml;hnle,  Ina Schaefer",ISOLA,2012,"A Liskov Principle for Delta-Oriented Programming","theorem proving","feature-family-based analysis","composition-based implementation","feature-based specification","source code","HS:ISoLA12, CSUR14, PhD15"
" Georg P&uuml;schel,  Ronny Seiger,  Thomas Schlegel",MODIQUITOUS,2012,"Test Modeling for Context-aware Ubiquitous Applications With Feature Petri Nets","testing","unoptimized product-based analysis","implementation independent","family-based specification","source code / program","PSS:MODIQUITOUS12"
" Paul Gazzillo,  Robert Grimm",PLDI,2012,"SuperC: Parsing All of C by Taming the Preprocessor","syntax checking","family-based analysis","annotation-based implementation","domain-independent specification","source code / program","GG:PLDI12, CSUR14, PhD15, BDD"
" Maurice H. ter Beek,  Henry Muccini,  Patrizio Pelliccione",SERENE,2012,"Assume-Guarantee Testing of Evolving Software Product Line Architectures","model checking, testing","feature-product-based analysis, regression-based analysis, sample-based analysis","composition-based implementation","feature-based specification","design","BMP:SERENE12"
" Maurice H. ter Beek,  Stefania Gnesi,  Franco Mazzanti",SPLC,2012,"Demonstration of a Model Checker for the Analysis of Product Variability","model checking","family-based analysis","annotation-based implementation","family-based specification","design","BGM:SPLC12subsumedbyABFG:ISoLA12, CSUR14, PhD15"
" Maxime Cordy,  Pierre-Yves Schobbens,  Patrick Heymans,  Axel Legay",SPLC,2012,"Behavioural Modelling and Verification of Real-Time Software Product Lines","model checking","family-based analysis","annotation-based implementation","family-wide specification","design","CSHL:SPLC12, CSUR14, PhD15"
" Wolfgang Heider,  Rick Rabiser,  Paul Gr&uuml;nbacher,  Daniela Lettner",SPLC,2012,"Using Regression Testing to Analyze the Impact of Changes to Variability Models on Products","testing","unoptimized product-based analysis","annotation-based implementation","","source code / program","HRGL:SPLC12, specification undefined (none)"
" Martin Fagereng Johansen,  Oystein Haugen,  Franck Fleurey",SPLC,2012,"An Algorithm for Generating T-Wise Covering Arrays From Large Feature Models","feature-model analysis","sample-based analysis","implementation independent","specification independent","","MHF:SPLC12, tool, evaluation"
" Maxime Cordy,  Andreas Classen,  Pierre-Yves Schobbens,  Patrick Heymans,  Axel Legay",VAMOS,2012,"Managing Evolution in Software Product Lines: A Model-Checking Perspective","model checking","family-based analysis","annotation-based implementation","family-based specification","design","CCS+:VaMoS12, CSUR14, PhD15"
" Yinxing Xue,  Zhenchang Xing,  Stan Jarzabek",WCRE,2012,"Feature Location in a Collection of Product Variants","information retrieval","product-family-based analysis","clone-and-own, product-based implementation","specification independent","source code","XXJ:WCRE12, tool, evaluation, no proof"
"Eric Bodden, Tarsis Toledo, Marcio Ribeiro, Claus Brabrand, Paulo Borba, Mira Mezini",(techreport),2012,"Transparent and Efficient Reuse of IFDS-Based Static Program Analyses for Software Product Lines","static analysis","family-based analysis","annotation-based implementation","family-wide specification","source code / program","BTR+:TR12subsumedbyBTR+:PLDI13, CSUR14, PhD15"
"J&ouml;rg Liebig, Alexander von Rhein, Christian K&auml;stner, Sven Apel, Jens D&ouml;rre, Christian Lengauer",(techreport),2012,"Large-Scale Variability-Aware Type Checking and Dataflow Analysis","static analysis, type checking","family-based analysis, sample-based analysis","annotation-based implementation","domain-independent specification, family-wide specification","source code / program","LRK+:TR12subsumedbyLKA+:ESECFSE13, CSUR14, PhD15"
" Shan Shan Huang,  David Zook,  Yannis Smaragdakis",SCP,2011,"Statically Safe Program Generation With SafeGen","type checking","family-based analysis","implementation independent","domain-independent specification","source code / program","HZS:SCP11, CSUR14, PhD15"
" Shan Shan Huang,  Yannis Smaragdakis",TOPLAS,2011,"Morphing: Structurally Shaping a Class by Reflecting on Others","type checking","","composition-based implementation","domain-independent specification","source code / program","HS:TOPLAS11, feature-based analysis?, compared to none"
" Jing Liu,  Samik Basu,  Robyn Lutz",AUSE,2011,"Compositional Model Checking of Software Product Lines Using Variation Point Obligations","model checking","feature-product-based analysis","composition-based implementation","family-wide specification","design","LBL:AUSE11, CSUR14, PhD15"
" Brady J. Garvin,  Myra B. Cohen,  Matthew B. Dwyer",EMSE,2011,"Evaluating Improvements to a Meta-Heuristic Search for Constrained Interaction Testing","","","","","","GCD:ESE11"
" Martin Fagereng Johansen,  Oystein Haugen,  Franck Fleurey",(incollection),2011,"Properties of Realistic Feature Models Make Combinatorial Testing of Product Lines Feasible","","","","","","JHF:MODELS11"
"Slawomir Duszynski, Jens Knodel, Martin Becker",WCRE,2011,"Analyzing the Source Code of Multiple Software Variants for Reuse Potential","variant-preserving migration","product-family-based analysis","product-based implementation","","source code / program","DKB:WCRE11, specification undefined (none)"
" Hamideh Sabouri,  Ramtin Khosravi",FACS,2011,"Reducing the Model Checking Cost of Product Lines Using Static Analysis Techniques","model checking, static analysis","family-based analysis","annotation-based implementation","family-wide specification","design","SK:FACS11, CSUR14, PhD15"
" Wolfgang Scholz,  Thomas Th&uuml;m,  Sven Apel,  Christian Lengauer",FOSD,2011,"Automatic Detection of Feature Interactions Using the Java Modeling Language: An Experience Report","static analysis","unoptimized product-based analysis","composition-based implementation","feature-based specification","source code / program","STAL:FOSD11, CSUR14, PhD15"
" Patrizia Asirelli,  Maurice H. ter Beek,  Stefania Gnesi,  Alessandro Fantechi",SPLC,2011,"Formal Description of Variability in Product Families","model checking","family-based analysis","annotation-based implementation","family-based specification","design","ABGF:SPLC11subsumedbyABFG:ISoLA12, CSUR14, PhD15"
"Vladimir V. Rubanov, Eugene A. Shatokhin",ICST,2011,"Runtime Verification of Linux Kernel Modules Based on Call Interception","runtime analysis","unoptimized product-based analysis","annotation-based implementation","domain-independent specification","source code / program","RS:ICST11"
" Thomas Th&uuml;m,  Ina Schaefer,  Martin Kuhlemann,  Sven Apel",VAST,2011,"Proof Composition for Deductive Verification of Software Product Lines","theorem proving","feature-product-based analysis","feature modules, composition-based implementation","feature-based specification","source code","TSKA:VAST11, CSUR14, PhD15, Why, Krakatoa, Coq"
" Chang Hwan Peter Kim,  Don Batory,  Sarfraz Khurshid",AOSD,2011,"Reducing Combinatorics in Testing Product Lines","static analysis, testing","family-product-based analysis","composition-based implementation, annotation-based implementation","family-wide specification","source code / program","KBK:AOSD11, CSUR14, PhD15"
" Ina Schaefer,  Lorenzo Bettini,  Ferruccio Damiani",AOSD,2011,"Compositional Type-Checking for Delta-Oriented Programming","type checking","feature-product-based analysis","composition-based implementation","domain-independent specification","source code / program","SBD11, CSUR14, PhD15"
" Sven Apel,  Hendrik Speidel,  Philipp Wendler,  Alexander von Rhein,  Dirk Beyer",ASE,2011,"Detection of Feature Interactions Using Feature-Aware Verification","model checking","family-based analysis","composition-based implementation","feature-based specification","source code / program","ASW+:ASE11, CSUR14, PhD15"
" Reinhard Tartler,  Daniel Lohmann,  Julio Sincero,  Wolfgang Schr&ouml;der-Preikschat",EUROSYS,2011,"Feature Consistency in Compile-Time-Configurable System Software: Facing the Linux 10,000 Feature Problem","family-specific analysis","family-based analysis","annotation-based implementation","domain-independent specification","source code / program","TLSS:EuroSys11, CSUR14, PhD15, SAT"
" Patrizia Asirelli,  Maurice H. ter Beek,  Alessandro Fantechi,  Stefania Gnesi",FMOODSFORTE,2011,"A Model-Checking Tool for Families of Services","model checking","family-based analysis","annotation-based implementation","family-based specification","design","ABFG:FMOODS11subsumedbyABFG:ISoLA12, CSUR14, PhD15"
" Daniel Bruns,  Vladimir Klebanov,  Ina Schaefer",FOVEOOS,2011,"Verification of Software Product Lines With Delta-Oriented Slicing","theorem proving","regression-based analysis","composition-based implementation","feature-based specification","source code","BKS:FoVeOOS11, CSUR14, PhD15"
" Marcio Ribeiro,  Felipe Queiroz,  Paulo Borba,  Tarsis Toledo,  Claus Brabrand,  Sergio Soares",GPCE,2011,"On the Impact of Feature Dependencies when Maintaining Preprocessor-Based Software Product Lines","static analysis","family-based analysis","annotation-based implementation","domain-independent specification","source code / program","RQB+:GPCE11, CSUR14, PhD15"
" Andreas Classen,  Patrick Heymans,  Pierre-Yves Schobbens,  Axel Legay",ICSE,2011,"Symbolic Model Checking of Software Product Lines","model checking","family-based analysis","annotation-based implementation","family-based specification","design","CHSL:ICSE11, CSUR14, PhD15"
" Mauricio Alferez,  Roberto E. Lopez-Herrejon,  Ana Moreira,  Vasco Amaral,  Alexander Egyed",ICSR,2011,"Supporting Consistency Checking Between Features and Software Product Line Use Scenarios","type checking","family-based analysis","composition-based implementation","domain-independent specification","requirements","ALH+:ICSR11, compared to none, CSUR14, PhD15"
" Alireza Ensan,  Ebrahim Bagheri,  Mohsen Asadi,  Dragan Gasevic,  Yevgen Biletskiy",ITNG,2011,"Goal-Oriented Test Case Selection and Prioritization for Product Line Feature Models","","","","","","EB+:ITNG11"
" Benjamin Delaware,  William Cook,  Don Batory",OOPSLA,2011,"Product Lines of Theorems","theorem proving","feature-product-based analysis","composition-based implementation","domain-independent specification","theory","DCB:OOPSLA11, CSUR14, PhD15"
" Christian K&auml;stner,  Paolo G. Giarrusso,  Tillmann Rendel,  Sebastian Erdweg,  Klaus Ostermann,  Thorsten Berger",OOPSLA,2011,"Variability-Aware Parsing in the Presence of Lexical Macros and Conditional Compilation","syntax checking","family-based analysis","annotation-based implementation","domain-independent specification","source code / program","KGR+:OOPSLA11, CSUR14, PhD15, SAT"
" Patrizia Asirelli,  Maurice H. ter Beek,  Alessandro Fantechi,  Stefania Gnesi,  Franco Mazzanti",PLEASE,2011,"Design and Validation of Variability in Product Lines","model checking","family-based analysis","annotation-based implementation","family-based specification","design","ABF+:PLEASE11subsumedbyABFG:ISoLA12, CSUR14, PhD15"
" Leopoldo Teixeira,  Paulo Borba,  Rohit Gheyi",SBES,2011,"Safe Composition of Configuration Knowledge-Based Software Product Lines","type checking","family-based analysis","annotation-based implementation","domain-independent specification","source code / program","TBG:SBES11, compared to none, CSUR14, PhD15"
" Ali Gondal,  Michael Poppleton,  Michael Butler",SC,2011,"Composing Event-B Specifications: Case-Study Experience","model checking, theorem proving","feature-product-based analysis","components","feature-product-based specification","design","GPB:SC11"
" Sebastian Oster,  Marius Zink,  Malte Lochau,  Mark Grechanik",SPLC,2011,"Pairwise Feature-Interaction Testing for SPLs: Potentials and Limitations","testing","sample-based analysis","annotation-based implementation","","design","OZLG:SPLC11, family-based specification (feature sets)?"
" Sven Apel,  Hendrik Speidel,  Philipp Wendler,  Alexander von Rhein,  Dirk Beyer",(techreport),2011,"Feature-Aware Verification","model checking","family-based analysis","composition-based implementation","feature-based specification","source code / program","ASW+:TR11subsumedbyASW+:ASE11, CSUR14, PhD15"
" Sven Apel,  Delesley Hutchins",TOPLAS,2010,"A Calculus for Uniform Feature Composition","type checking","feature-product-based analysis","composition-based implementation","domain-independent specification","source code / program","AH:TOPLAS10, CSUR14, PhD15"
" Sven Apel,  Christian K&auml;stner,  Armin Gr&ouml;&szlig;linger,  Christian Lengauer",AUSE,2010,"Type Safety for Feature-Oriented Product Lines","type checking","family-based analysis","composition-based implementation","domain-independent specification","source code / program","AKGL10, compared to none, CSUR14, PhD15"
" Ina Schaefer,  Dilian Gurov,  Siavash Soleimanifard",FMCO,2010,"Compositional Algorithmic Verification of Software Product Lines","model checking","family-based analysis","annotation-based implementation","family-wide specification","source code / program","SGS:FMCO10, CSUR14, PhD15"
" Chang Hwan Peter Kim,  Eric Bodden,  Don Batory,  Sarfraz Khurshid",RV,2010,"Reducing Configurations to Monitor in a Software Product Line","static analysis, testing","family-product-based analysis","composition-based implementation","family-wide specification","source code / program","KBBK:RV10, CSUR14, PhD15"
"Sven Apel, Wolfgang Scholz, Christian Lengauer, Christian K&auml;stner",FOSD,2010,"Language-Independent Reference Checking in Software Product Lines","type checking","family-based analysis","composition-based implementation","domain-independent specification","source code / program","ASLK:FOSD10, compared to none, CSUR14, PhD15"
" Radu Muschevici,  Dave Clarke,  Jose Proenca",FMSPLE,2010,"Feature Petri Nets","analysis method undefined","analysis strategy undefined","annotation-based implementation","specification undefined","design","MCP+:FMSPLE10"
"Hamideh Sabouri, Ramtin Khosravi",FMSPLE,2010,"An Effective Approach for Verifying Product Lines in Presence of Variability Models","feature-model analysis","","","","","SK:FMSPLE10"
" Gilles Perrouin,  Sagar Sen,  Jacques Klein,  Benoit Baudry,  Yves Le Traon",ICST,2010,"Automated and Scalable T-Wise Test Case Generation Strategies for Software Product Lines","testing","sample-based analysis","composition-based implementation","family-based specification","source code / program","PSK+:ICST10"
"Lorenzo Bettini, Ferruccio Damiani, Ina Schaefer",SAC,2010,"Implementing Software Product Lines Using Traits","type checking","feature-product-based analysis","composition-based implementation","domain-independent specification","source code / program","BDS:SAC10, CSUR14, PhD15"
" Patrizia Asirelli,  Maurice H. ter Beek,  Stefania Gnesi,  Alessandro Fantechi",VAMOS,2010,"A Deontic Logical Framework for Modelling Product Families","model checking","family-based analysis","annotation-based implementation","family-based specification","design","ABGF:VaMoS10subsumedbyABFG:ISoLA12, CSUR14, PhD15"
" Jennifer Sorge,  Michael Poppleton,  Michael Butler",ABZ,2010,"A Basis for Feature-Oriented Modelling in Event-B","model checking, theorem proving","feature-product-based analysis","components","feature-product-based specification","design","SPB:ABZ10"
" Chang Hwan Peter Kim,  Don Batory,  Sarfraz Khurshid",ASE,2010,"Eliminating Products to Test in a Software Product Line","static analysis, testing","family-product-based analysis","composition-based implementation, annotation-based implementation","family-wide specification","source code / program","KBK:ASE10subsumedbyKBK:AOSD11, CSUR14, PhD15"
" Michael Vierhauser,  Paul Gr&uuml;nbacher,  Alexander Egyed,  Rick Rabiser,  Wolfgang Heider",ASE,2010,"Flexible and Scalable Consistency Checking on Product Line Variability Models","type checking","optimized product-based analysis","composition-based implementation","domain-independent specification","design, source code / program","VGE+:ASE10"
" Andy Kenner,  Christian K&auml;stner,  Steffen Haase,  Thomas Leich",FOSD,2010,"TypeChef: Toward Type Checking #Ifdef Variability in C","type checking","family-based analysis","annotation-based implementation","domain-independent specification","source code / program","KKHL:FOSD10, compared to single product, CSUR14, PhD15"
" Richard Bubel,  Crystal Din,  Reiner H&auml;hnle",FOVEOOS,2010,"Verification of Variable Software: An Experience Report","feature-model analysis","","","","","BDH:FoVeOOS10"
"Andreas Classen, Patrick Heymans, Pierre-Yves Schobbens, Axel Legay, Jean-Francois Raskin",ICSE,2010,"Model Checking Lots of Systems: Efficient Verification of Temporal Properties in Software Product Lines","model checking","family-based analysis","annotation-based implementation","feature-based specification","design","CHSLR10, CSUR14, PhD15"
" Patrizia Asirelli,  Maurice H. ter Beek,  Alessandro Fantechi,  Stefania Gnesi",IFM,2010,"A Logical Framework to Deal With Variability","model checking","family-based analysis","annotation-based implementation","family-based specification","design","ABFG:iFM10subsumedbyABFG:ISoLA12, CSUR14, PhD15"
" Kim Lauenroth,  Andreas Metzger,  Klaus Pohl",IPISE,2010,"Quality Assurance in the Presence of Variability","model checking","family-based analysis","annotation-based implementation","feature-based specification","design","LMP10, CSUR14, PhD15"
" Sven Apel,  Wolfgang Scholz,  Christian Lengauer,  Christian K&auml;stner",ISSRE,2010,"Detecting Dependences and Interactions in Feature-Oriented Design","model checking","unoptimized product-based analysis","composition-based implementation","feature-based specification","design","ASLK:ISSRE10, CSUR14, PhD15"
" Shigeru Chiba,  Atsushi Igarashi,  Salikh Zakirov",OOPSLA,2010,"Mostly Modular Compilation of Crosscutting Concerns by Contextual Predicate Dispatch","type checking","unoptimized product-based analysis","composition-based implementation","domain-independent specification","source code / program","CIZ:OOPSLA10"
" Karl Klose,  Klaus Ostermann",OOPSLA,2010,"Modular Logic Metaprogramming","type checking","feature-product-based analysis","composition-based implementation","domain-independent specification","source code / program","KO:OOPSLA10, CSUR14, PhD15"
" Marcio Ribeiro,  Humberto Pacheco,  Leopoldo Teixeira,  Paulo Borba",SPLASH,2010,"Emergent Feature Modularization","static analysis","family-based analysis","annotation-based implementation","domain-independent specification","source code / program","RPRB:SPLASH10, CSUR14, PhD15"
" Slawomir Duszynski",SPLC,2010,"Visualizing and Analyzing Software Variability With Bar Diagrams and Occurrence Matrices","variant-preserving migration","product-family-based analysis","product-based implementation","","source code / program","D:SPLC10, specification undefined (none)"
" Sebastian Oster,  Florian Markert,  Philipp Ritter",SPLC,2010,"Automated Incremental Pairwise Testing of Software Product Lines","testing","sample-based analysis","implementation independent","","source code / program","OMR:SPLC10, specification undefined (none)"
" Vanessa Stricker,  Andreas Metzger,  Klaus Pohl",SPLC,2010,"Avoiding Redundant Testing in Application Engineering","static analysis, testing","regression-based analysis","implementation undefined","specification undefined","design","SMP:SPLC10"
" Thilo Mende,  Rainer Koschke,  Felix Beckwermert",JSME,2009,"An Evaluation of Code Similarity Identification for the Grow-and-Prune Model","variant-preserving migration","product-based analysis","product-based implementation","","source code / program","MKB:JSME09, specification undefined (none)"
" Reinhard Tartler,  Julio Sincero,  Wolfgang Schr&ouml;der-Preikschat,  Daniel Lohmann",FOSD,2009,"Dead or Alive: Finding Zombie Features in the Linux Kernel","family-specific analysis","family-based analysis","annotation-based implementation","domain-independent specification","source code / program","TSS+:FOSD09, CSUR14, PhD15"
"Martin Kuhlemann, Don Batory, Christian K&auml;stner",GPCE,2009,"Safe Composition of Non-Monotonic Features","type checking","family-based analysis","feature modules","domain-independent specification","source code / program","KBK:GPCE09, compared to none, CSUR14, PhD15"
" Kim Lauenroth,  Klaus Pohl,  Simon Toehning",ASE,2009,"Model Checking of Domain Artifacts in Product Line Engineering","model checking","family-based analysis","annotation-based implementation","feature-based specification","design","LPT:ASE09, CSUR14, PhD15"
" Benjamin Delaware,  William Cook,  Don Batory",ESECFSE,2009,"Fitting the Pieces Together: A Machine-Checked Model of Safe Composition","type checking","feature-family-based analysis","composition-based implementation","domain-independent specification","source code / program","DCB:ESECFSE09, compared to single product, CSUR14, PhD15"
"Benjamin Delaware, William Cook, Don Batory",FOAL,2009,"A Machine-Checked Model of Safe Composition","type checking","feature-family-based analysis","composition-based implementation","domain-independent specification","source code / program","DCB:FOAL09subsumedbyDCB:ESECFSE09, CSUR14, PhD15"
" Florian Heidenreich",FOSD,2009,"Towards Systematic Ensuring Well-Formedness of Software Product Lines","type checking","family-based analysis","annotation-based implementation","domain-independent specification","design","H:FOSD09, compared to none, CSUR14, PhD15"
" Erika Mir Olimpiew,  Hassan Gomaa",ICSR,2009,"Reusable Model-Based Testing","testing","feature-product-based analysis","composition-based implementation","","source code / program","OG:ICSR09, domain-independent specification?"
" Patrizia Asirelli,  Maurice H. ter Beek,  Stefania Gnesi,  Alessandro Fantechi",VAMOS,2009,"Deontic Logics for Modeling Behavioural Variability - Research in Progress","model checking","family-based analysis","annotation-based implementation","family-based specification","design","ABGF:VaMoS09subsumedbyABFG:ISoLA12, CSUR14, PhD15"
" Don Batory,  Egon B&ouml;rger",JUCS,2008,"Modularizing Theorems for Software Product Lines: The Jbook Case Study","theorem proving","feature-product-based analysis","composition-based implementation","feature-based specification","theory","BB08, CSUR14, PhD15"
" Myra B. Cohen,  Matthew B. Dwyer,  Jiangfan Shi",TSE,2008,"Constructing Interaction Test Suites for Highly-Configurable Systems in the Presence of Constraints: A Greedy Approach","","","","","","CDS:TSE08"
"Sven Apel, Christian K&auml;stner, Christian Lengauer",GPCE,2008,"Feature Featherweight Java: A Calculus for Feature-Oriented Programming and Stepwise Refinement","type checking","unoptimized product-based analysis","composition-based implementation","domain-independent specification","source code / program","AKL:GPCE08, CSUR14, PhD15"
"Slawomir Duszynski, Jens Knodel, Matthias Naab, Dirk Hein, Clemens Schitter",WCRE,2008,"Variant Comparison - A Technique for Visualizing Software Variants","variant-preserving migration","product-family-based analysis","product-based implementation","","source code / program","DKN+:WCRE08, specification undefined (none)"
" Michael Poppleton",ABZ,2008,"The Composition of Event-B Models","model checking, theorem proving","feature-product-based analysis","components","feature-product-based specification","design","P:ABZ08"
"Christian K&auml;stner, Sven Apel",ASE,2008,"Type-Checking Software Product Lines&#8211;A Formal Approach","type checking","family-based analysis","annotation-based implementation","domain-independent specification","source code / program","KA:ASE08, CSUR14, PhD15"
"Hendrik Post, Carsten Sinz",ASE,2008,"Configuration Lifting: Verification Meets Software Configuration","model checking, type checking","family-based analysis","annotation-based implementation","domain-independent specification","source code / program","PS:ASE08, CSUR14, PhD15"
" Thilo Mende,  Felix Beckwermert,  Rainer Koschke,  Gerald Meier",CSMR,2008,"Supporting the Grow-and-Prune Model in Software Product Lines Evolution Using Clone Detection","variant-preserving migration","product-based analysis","product-based implementation","","source code / program","MBKM:CSMR08, specification undefined (none)"
" Alexander Harhurin,  Judith Hartmann",FM,2008,"Towards Consistent Specifications of Product Families","theorem proving","unoptimized product-based analysis","composition-based implementation","feature-based specification","design","HH:FM08, CSUR14, PhD15"
" Alexander Gruler,  Martin Leucker,  Kathrin Scheidemann",FMOODS,2008,"Modeling and Model Checking Software Product Lines","model checking","family-based analysis","annotation-based implementation","family-wide specification","design","GLS08, CSUR14, PhD15"
" Chang Hwan Peter Kim,  Christian K&auml;stner,  Don Batory",GPCE,2008,"On the Modularity of Feature Interactions","type checking","family-based analysis","composition-based implementation, annotation-based implementation","domain-independent specification","source code / program","KKB:GPCE08, compared to none, CSUR14, PhD15"
"Alessandro Fantechi, Stefania Gnesi",SPLC,2008,"Formal Modeling for Product Families Engineering","model checking","unoptimized product-based analysis","annotation-based implementation","family-wide specification","design","FG:SPLC08, CSUR14, PhD15"
" Jing Liu,  Josh Dehlinger,  Robyn Lutz",JSS,2007,"Safety Analysis of Software Product Lines Using State-Based Modeling","fault-tree analysis, testing","family-product-based analysis","annotation-based implementation","family-wide specification, feature-based specification","design","LDL07"
" Shan Shan Huang,  David Zook,  Yannis Smaragdakis",AOSD,2007,"cJ: Enhancing Java With Safe Type Conditions","type checking","family-based analysis","annotation-based implementation","domain-independent specification","source code / program","HZS:AOSD07, compared to none, CSUR14, PhD15"
"David Benavides, Sergio Segura, Pablo Trinidad, Antonio Ruiz-Cortes",VAMOS,2007,"FAMA: Tooling a Framework for the Automated Analysis of Feature Models","feature-model analysis","family-based analysis","implementation independent","specification independent","","BSTRC:VaMoS07"
" Kim G. Larsen,  Ulrik Nyman,  Andrzej Wasowski",ESOP,2007,"Modal I/O Automata for Interface and Product Line Theories","model checking","analysis strategy undefined","composition-based implementation","specification undefined","design","LNW:ESOP07"
"Sahil Thaker, Don Batory, David Kitchin, William Cook",GPCE,2007,"Safe Composition of Product Lines","type checking","family-based analysis","composition-based implementation","domain-independent specification","source code / program","TBKC07, compared to none, CSUR14, PhD15"
" Myra B. Cohen,  Matthew B. Dwyer,  Jiangfan Shi",ISSTA,2007,"Interaction Testing of Highly-configurable Systems in the Presence of Constraints","","","","","","CDS:ISSTA07"
" Panagiotis Manolios,  Daron Vroon,  Gayatri Subramanian",ISSTA,2007,"Automating Component-Based System Assembly","model checking","unoptimized product-based analysis","components","","design","MVS:ISSTA07"
" Praveen Jayaraman,  Jon Whittle,  Ahmed M. Elkhodary,  Hassan Gomaa",MODELS,2007,"Model Composition in Product Lines and Feature Interaction Detection Using Critical Pair Analysis","type checking","sample-based analysis","composition-based implementation","domain-independent specification","design","JWEG:MODELS07, CSUR14, PhD15"
" Myra B. Cohen,  Matthew B. Dwyer,  Jiangfan Shi",MUTATION,2007,"Exploiting Constraint Solving History to Construct Interaction Test Suites","","","","","","CDS:MUTATION07"
"Andreas Metzger, Klaus Pohl, Patrick Heymans, Pierre-Yves Schobbens, Germain Saval",RE,2007,"Disambiguating the Documentation of Variability in Software Product Lines: A Separation of Concerns, Formalization and Automated Analysis","type checking","family-based analysis","annotation-based implementation","domain-independent specification","design","MHPSS:RE07, compared to none, CSUR14, PhD15"
"Michael Poppleton",REFSQ,2007,"Towards Feature-Oriented Specification and Development With Event-B","model checking, theorem proving","feature-product-based analysis","components","feature-product-based specification","design","P:REFSQ07"
" Tomoji Kishi,  Natsuko Noda",CACM,2006,"Formal Verification and Software Product Lines","model checking","unoptimized product-based analysis","annotation-based implementation","family-wide specification","design","KN06, CSUR14, PhD15"
" Josh Dehlinger,  Robyn R. Lutz",AUSE,2006,"PLFaultCAT: A Product-Line Software Fault Tree Analysis Tool","fault-tree analysis, testing","family-product-based analysis","annotation-based implementation","family-wide specification, feature-based specification","design","DL:AUSE06"
"Shmuel Katz",TAOSD,2006,"Aspect Categories and Classes of Temporal Properties","model checking, static analysis","regression-based analysis","composition-based implementation","feature-based specification","source code / program","K06, CSUR14, PhD15"
"Krzysztof Czarnecki, Krzysztof Pietroszek",GPCE,2006,"Verifying Feature-Based Model Templates Against Well-Formedness OCL Constraints","type checking","family-based analysis","annotation-based implementation","domain-independent specification","design","CP06, compared to none, CSUR14, PhD15, BDD"
" Delesley Hutchins",OOPSLA,2006,"Eliminating Distinctions of Class: Using Prototypes to Model Virtual Classes","type checking","feature-product-based analysis","composition-based implementation","domain-independent specification","source code / program","H:OOPSLA06, CSUR14, PhD15"
" Myra B. Cohen,  Matthew B. Dwyer,  Jiangfan Shi",ROSATEA,2006,"Coverage and Adequacy in Software Product Line Testing","testing","product-based analysis","family-based implementation","family-based specification","","CDS:ROSATEA06"
" Dario Fischbein,  Sebastian Uchitel,  Victor Braberman",ROSATEA,2006,"A Foundation for Behavioural Conformance in Software Product Line Architectures","model checking","family-based analysis","annotation-based implementation","family-wide specification","design","FUB:ROSATEA06, CSUR14, PhD15"
" Harry Li,  Shriram Krishnamurthi,  Kathi Fisler",AUSE,2005,"Modular Verification of Open Features Using Three-Valued Model Checking","model checking","feature-product-based analysis","composition-based implementation","feature-based specification","design","LKF:AUSE05, CSUR14, PhD15"
" Tetsuo Yamamoto,  Makoto Matsushita,  Toshihiro Kamiya,  Katsuro Inoue",PROFES,2005,"Measuring Similarity of Large Software Systems Based on Source Code Correspondence","variant-preserving migration","product-based analysis","product-based implementation","","source code / program","YMKI:PROFES05, specification undefined (none)"
" Kathi Fisler,  Shriram Krishnamurthi",VSTTE,2005,"Decomposing Verification Around End-User Features","model checking","feature-product-based analysis","composition-based implementation","feature-based specification","design","FK:VSTTE05, CSUR14, PhD15"
" Christian Prehofer",SOSYM,2004,"Plug-and-Play Composition of Features and Feature Interactions With Statechart Diagrams","analysis method undefined","analysis strategy undefined","composition-based implementation","specification undefined","design","P:SoSyM04"
"Birgit Geppert, J. Jenny Li, Frank R&ouml;&szlig;ler, David M. Weiss",ICSR,2004,"Towards Generating Acceptance Tests for Product Lines","testing","unoptimized product-based analysis","","","","GLRW:ICSR04, feature-based specification? family-based specification?"
"Josh Dehlinger, Robyn R. Lutz",HASE,2004,"Software Fault Tree Analysis for Product Lines","fault-tree analysis, testing","family-product-based analysis","annotation-based implementation","family-wide specification, feature-based specification","design","DL:HASE04"
" Colin Blundell,  Kathi Fisler,  Shriram Krishnamurthi,  Pascal Van Hentenryck",ASE,2004,"Parameterized Interfaces for Open System Verification of Product Lines","model checking","feature-product-based analysis","composition-based implementation","family-wide specification","design","BFKH:ASE04, CSUR14, PhD15"
" A. Memon,  A. Porter,  C. Yilmaz,  A. Nagarajan,  D. Schmidt,  B. Natarajan",ICSE,2004,"Skoll: Distributed Continuous Quality Assurance","testing","","","","source code / program","MPY+:ICSE04, product-based analysis?, domain-independent specification?"
" Robyn Lutz,  Gerald C. Gannod",JSS,2003,"Analysis of a Software Product Line Architecture: An Experience Report","model checking","feature-product-based analysis","components","family-wide specification","design","LG03"
"Antonia Bertolino, Stefania Gnesi",PFE,2003,"PLUTO: A Test Methodology for Product Families","testing","unoptimized product-based analysis","","","","BG:PFE03, feature-based specification? family-based specification?"
"Mike Mannion, Javier Camara",PFE,2003,"Theorem Proving for Product Line Model Verification","feature-model analysis","","","","","MC:PFE03"
"Jianjun Zhao, Martin C. Rinard",FASE,2003,"Pipa: A Behavioral Interface Specification Language for AspectJ","analysis method undefined","unoptimized product-based analysis","aspects","feature-based specification","source code / program","ZR03"
" Toshihiro Kamiya,  Shinji Kusumoto,  Katsuro Inoue",TSE,2002,"CCFinder: A Multilinguistic Token-based Code Clone Detection System for Large Scale Source Code","variant-preserving migration","product-based analysis","product-based implementation","","source code / program","KKI:TSE02, specification undefined (none)"
" Harry Li,  Shriram Krishnamurthi,  Kathi Fisler",FSE,2002,"Verifying Cross-Cutting Features as Open Systems","model checking","feature-product-based analysis","composition-based implementation","feature-based specification","design","LKF02, CSUR14, PhD15"
"Lerina Aversano, Massimiliano Di Penta, Ira D. Baxter",SCAM,2002,"Handling Preprocessor-Conditioned Declarations","type checking","family-based analysis","annotation-based implementation","domain-independent specification","source code / program","APB:SCAM02, compared to none, CSUR14, PhD15"
" Naoyasu Ubayashi,  Tetsuo Tamai",AOSD,2002,"Aspect-Oriented Programming With Model Checking","model checking","unoptimized product-based analysis","composition-based implementation","family-wide specification","source code / program","UT:AOSD02, CSUR14, PhD15"
"Harry Li, Shriram Krishnamurthi, Kathi Fisler",ASE,2002,"Interfaces for Modular Feature Verification","model checking","feature-product-based analysis","composition-based implementation","feature-based specification","design","LKF:ASE02, CSUR14, PhD15"
" Malte Plath,  Mark Ryan",SCP,2001,"Feature Integration Using a Feature Construct","model checking","sample-based analysis","composition-based implementation","feature-based specification","design","PR01, CSUR14, PhD15"
" Kathi Fisler,  Shriram Krishnamurthi",ESECFSE,2001,"Modular Verification of Collaboration-Based Software Designs","model checking","feature-product-based analysis","feature modules","family-wide specification","design","FK01, CSUR14, PhD15"
" Herbert Klaeren,  Elke Pulvermueller,  Awais Rashid,  Andreas Speck",GCSE,2001,"Aspect Composition Applying the Design by Contract Principle","static analysis","unoptimized product-based analysis","aspects","feature-based specification","source code / program","KPRS:GCSE00, CSUR14, PhD15"
" Torsten Nelson,  Donald D. Cowan,  Paulo S. C. Alencar",REFLECTION,2001,"Supporting Formal Verification of Crosscutting Concerns","model checking","feature-product-based analysis","composition-based implementation","family-wide specification","design","NCA:REFLECTION01, CSUR14, PhD15"
